{
  "psnr": 28.058561405730813,
  "ssim": 0.7949836195879225,
  "lpips_alex": 0.36925601959228516
}