{
  "psnr": 28.058561405730813,
  "ssim": 0.7949836195879225
}